wals_code,iso_code,glottocode,Languages,latitude,longitude,genus,family,macroarea,countrycodes,1A Consonant Inventories,2A Vowel Quality Inventories,3A Consonant-Vowel Ratio,4A Voicing in Plosives and Fricatives,5A Voicing and Gaps in Plosive Systems,6A Uvular Consonants,7A Glottalized Consonants,8A Lateral Consonants,9A The Velar Nasal,10A Vowel Nasalization,11A Front Rounded Vowels,12A Syllable Structure,13A Tone,14A Fixed Stress Locations,15A Weight-Sensitive Stress,16A Weight Factors in Weight-Sensitive Stress Systems,17A Rhythm Types,18A Absence of Common Consonants,19A Presence of Uncommon Consonants,20A Fusion of Selected Inflectional Formatives,21A Exponence of Selected Inflectional Formatives,22A Inflectional Synthesis of the Verb,23A Locus of Marking in the Clause,24A Locus of Marking in Possessive Noun Phrases,25A Locus of Marking: Whole-language Typology,26A Prefixing vs. Suffixing in Inflectional Morphology,27A Reduplication,28A Case Syncretism,29A Syncretism in Verbal Person/Number Marking,30A Number of Genders,31A Sex-based and Non-sex-based Gender Systems,32A Systems of Gender Assignment,33A Coding of Nominal Plurality,34A Occurrence of Nominal Plurality,35A Plurality in Independent Personal Pronouns,36A The Associative Plural,37A Definite Articles,38A Indefinite Articles,39A Inclusive/Exclusive Distinction in Independent Pronouns,40A Inclusive/Exclusive Distinction in Verbal Inflection,41A Distance Contrasts in Demonstratives,42A Pronominal and Adnominal Demonstratives,43A Third Person Pronouns and Demonstratives,44A Gender Distinctions in Independent Personal Pronouns,45A Politeness Distinctions in Pronouns,46A Indefinite Pronouns,47A Intensifiers and Reflexive Pronouns,48A Person Marking on Adpositions,49A Number of Cases,50A Asymmetrical Case-Marking,51A Position of Case Affixes,52A Comitatives and Instrumentals,53A Ordinal Numerals,54A Distributive Numerals,55A Numeral Classifiers,56A Conjunctions and Universal Quantifiers,57A Position of Pronominal Possessive Affixes,58A Obligatory Possessive Inflection,59A Possessive Classification,"60A Genitives, Adjectives and Relative Clauses",61A Adjectives without Nouns,62A Action Nominal Constructions,63A Noun Phrase Conjunction,64A Nominal and Verbal Conjunction,65A Perfective/Imperfective Aspect,66A The Past Tense,67A The Future Tense,68A The Perfect,69A Position of Tense-Aspect Affixes,70A The Morphological Imperative,71A The Prohibitive,72A Imperative-Hortative Systems,73A The Optative,74A Situational Possibility,75A Epistemic Possibility,76A Overlap between Situational and Epistemic Modal Marking,77A Semantic Distinctions of Evidentiality,78A Coding of Evidentiality,79A Suppletion According to Tense and Aspect,80A Verbal Number and Suppletion,"81A Order of Subject, Object and Verb",82A Order of Subject and Verb,83A Order of Object and Verb,"84A Order of Object, Oblique, and Verb",85A Order of Adposition and Noun Phrase,86A Order of Genitive and Noun,87A Order of Adjective and Noun,88A Order of Demonstrative and Noun,89A Order of Numeral and Noun,90A Order of Relative Clause and Noun,91A Order of Degree Word and Adjective,92A Position of Polar Question Particles,93A Position of Interrogative Phrases in Content Questions,94A Order of Adverbial Subordinator and Clause,95A Relationship between the Order of Object and Verb and the Order of Adposition and Noun Phrase,96A Relationship between the Order of Object and Verb and the Order of Relative Clause and Noun,97A Relationship between the Order of Object and Verb and the Order of Adjective and Noun,98A Alignment of Case Marking of Full Noun Phrases,99A Alignment of Case Marking of Pronouns,100A Alignment of Verbal Person Marking,101A Expression of Pronominal Subjects,102A Verbal Person Marking,103A Third Person Zero of Verbal Person Marking,104A Order of Person Markers on the Verb,105A Ditransitive Constructions: The Verb 'Give',106A Reciprocal Constructions,107A Passive Constructions,108A Antipassive Constructions,109A Applicative Constructions,110A Periphrastic Causative Constructions,111A Nonperiphrastic Causative Constructions,112A Negative Morphemes,113A Symmetric and Asymmetric Standard Negation,114A Subtypes of Asymmetric Standard Negation,115A Negative Indefinite Pronouns and Predicate Negation,116A Polar Questions,117A Predicative Possession,118A Predicative Adjectives,119A Nominal and Locational Predication,120A Zero Copula for Predicate Nominals,121A Comparative Constructions,122A Relativization on Subjects,123A Relativization on Obliques,124A 'Want' Complement Subjects,125A Purpose Clauses,126A 'When' Clauses,127A Reason Clauses,128A Utterance Complement Clauses,129A Hand and Arm,130A Finger and Hand,131A Numeral Bases,132A Number of Non-Derived Basic Colour Categories,133A Number of Basic Colour Categories,134A Green and Blue,135A Red and Yellow,136A M-T Pronouns,137A N-M Pronouns,138A Tea,139A Irregular Negatives in Sign Languages,140A Question Particles in Sign Languages,141A Writing Systems,142A Para-Linguistic Usages of Clicks,143F Postverbal Negative Morphemes,90B Prenominal relative clauses,144Y The Position of Negative Morphemes in Object-Initial Languages,90C Postnominal relative clauses,144P NegSOV Order,144J SVNegO Order,144N Obligatory Double Negation in SOV languages,144S SOVNeg Order,144X Verb-Initial with Clause-Final Negative,"144A Position of Negative Word With Respect to Subject, Object, and Verb",90G Double-headed relative clauses,90E Correlative relative clauses,144V Verb-Initial with Preverbal Negative,144I SNegVO Order,144R SONegV Order,143B Obligatory Double Negation,144M Multiple Negative Constructions in SOV Languages,144U Double negation in verb-initial languages,144G Optional Double Negation in SVO languages,144K SVONeg Order,144B Position of negative words relative to beginning and end of clause and with respect to adjacency to verb,144F Obligatory Double Negation in SVO languages,90D Internally-headed relative clauses,144E Multiple Negative Constructions in SVO Languages,144D The Position of Negative Morphemes in SVO Languages,"81B Languages with two Dominant Orders of Subject, Object, and Verb",143E Preverbal Negative Morphemes,143C Optional Double Negation,90F Adjoined relative clauses,143A Order of Negative Morpheme and Verb,144W Verb-Initial with Negative that is Immediately Postverbal or between Subject and Object,144O Optional Double Negation in SOV languages,144Q SNegOV Order,144L The Position of Negative Morphemes in SOV Languages,144H NegSVO Order,144C Languages with different word order in negative clauses,144T The Position of Negative Morphemes in Verb-Initial Languages,143G Minor morphological means of signaling negation,143D Optional Triple Negation,39B Inclusive/Exclusive Forms in Pama-Nyungan,137B M in Second Person Singular,136B M in First Person Singular,109B Other Roles of Applied Objects,10B Nasal Vowels in West Africa,25B Zero Marking of A and P Arguments,21B Exponence of Tense-Aspect-Mood Inflection,108B Productivity of the Antipassive Construction,130B Cultural Categories of Languages with Identity of 'Finger' and 'Hand',58B Number of Possessive Nouns,79B Suppletion in Imperatives and Hortatives,
grk,ell,mode1248,Ancient_Greek,39,22,Greek,Indo-European,Eurasia,GR,3 Average,2 Average (5-6),3 Average,4 In both plosives and fricatives,2 None missing in /p t k b d g/,1 None,1 No glottalized consonants,"2 /l/, no obstruent laterals",3 No velar nasal,2 Contrast absent,1 None,3 Complex,1 No tones,5 Antepenultimate,8 Fixed stress (no weight-sensitivity),6 Lexical stress,1 Trochaic,1 All present,5 'Th' sounds,1 Exclusively concatenative,2 Case + number,3 4-5 categories per word,3 Double marking,3 Double marking,3 Double-marking,2 Strongly suffixing,3 No productive reduplication,3 Core and non-core,3 Not syncretic,3 Three,2 Sex-based,3 Semantic and formal,2 Plural suffix,"6 All nouns, always obligatory",5 Person-number stem + pronominal plural affix,4 No associative plural,1 Definite word distinct from demonstrative,2 Indefinite word same as 'one',3 No inclusive/exclusive,3 No inclusive/exclusive,3 Three-way contrast,1 Identical,,3 3rd person singular only,2 Binary politeness distinction,1 Interrogative-based,2 Differentiated,2 No person marking,3 3 cases,6 Syncretism in relevant NP-types,1 Case suffixes,1 Identity,"7 First, second, three-th",5 Marked by preceding word,,,4 No possessive affixes,2 Absent,1 No possessive classification,,,3 Ergative-Possessive,1 'And' different from 'with',1 Identity,1 Grammatical marking,"1 Present, no remoteness distinctions",2 No inflectional future,1 From possessive,2 Tense-aspect suffixes,1 Second singular and second plural,4 Special imperative + special negative,1 Maximal system,2 Inflectional optative absent,2 Verbal constructions,1 Verbal constructions,1 Overlap for both possibility and necessity,1 No grammatical evidentials,1 No grammatical evidentials,3 Tense and aspect,1 None,7 No dominant order,3 No dominant order,2 VO,,2 Prepositions,2 Noun-Genitive,1 Adjective-Noun,1 Demonstrative-Noun,1 Numeral-Noun,1 Noun-Relative clause,1 Degree word-Adjective,1 Initial,1 Initial interrogative phrase,1 Initial subordinator word,4 VO and Prepositions,4 VO and NRel,3 VO and AdjN,2 Nominative - accusative (standard),2 Nominative - accusative (standard),2 Accusative,2 Subject affixes on verb,5 Both the A and P arguments,2 No zero realization,3 P precedes A,1 Indirect-object construction,3 Mixed,1 Present,3 No antipassive,8 No applicative construction,2 Purposive but no sequential,1 Neither,2 Negative particle,1 Symmetric,7 Non-assignable,1 Predicate negation also present,1 Question particle,5 'Have',2 Nonverbal encoding,2 Identical,1 Impossible,4 Particle,1 Relative pronoun,1 Relative pronoun,2 Subject is expressed overtly,3 Deranked,1 Balanced,1 Balanced,1 Balanced,2 Different,2 Different,1 Decimal,,,,,"2 M-T pronouns, paradigmatic",1 No N-M pronouns,1 Words derived from Sinitic cha,,,,1 Logical meanings,4 None,,,1 Noun-Relative clause (NRel) dominant,,7 No SVNegO,,,4 No clause-final neg,16 More than one position,,,"1 Separate word, no double negation Word&NoDoubleNeg",1 Word&NoDoubleNeg,,,,,,4 No SVONeg,3 Immed preverbal,,,10 SNegVO/NegVSO,13 More than one construction,3 SVO or VSO,1 NegV,,,1 NegV,6 None,,,,4 No NegSVO,,14 NegVSO/SNegVO,4 None,,,1 No m in second person singular,2 m in first person singular,5 No applicative construction,,2 Non-zero marking,3 TAM+agreement+diathesis,4 no antipassive,,1 None reported,2 Imperative,
arm,hye,nucl1235,Arabic,40,45,Armenian,Indo-European,Eurasia,AM,4 Moderately large,2 Average (5-6),4 Moderately high,3 In fricatives alone,1 Other,3 Uvular continuants only,2 Ejectives only,"2 /l/, no obstruent laterals",3 No velar nasal,2 Contrast absent,1 None,,1 No tones,1 No fixed stress,5 Unbounded: Stress can be anywhere,5 Prominence,4 Undetermined,1 All present,1 None,,,2 2-3 categories per word,,,,2 Strongly suffixing,2 Full reduplication only,3 Core and non-core,3 Not syncretic,1 None,1 No gender,1 No gender,2 Plural suffix,"6 All nouns, always obligatory",5 Person-number stem + pronominal plural affix,4 No associative plural,3 Definite affix,1 Indefinite word distinct from 'one',3 No inclusive/exclusive,3 No inclusive/exclusive,,,3 Related to remote demonstratives,6 No gender distinctions,2 Binary politeness distinction,,1 Identical,2 No person marking,5 5 cases,3 Additive-quantitatively asymmetrical,1 Case suffixes,2 Differentiation,"6 First, two-th, three-th",7 Marked by mixed or other strategies,1 Absent,1 Formally different,2 Possessive suffixes,2 Absent,1 No possessive classification,,,2 Possessive-Accusative,1 'And' different from 'with',,1 Grammatical marking,"1 Present, no remoteness distinctions",2 No inflectional future,3 Other perfect,2 Tense-aspect suffixes,1 Second singular and second plural,2 Normal imperative + special negative,4 Neither type of system,2 Inflectional optative absent,2 Verbal constructions,3 Other,2 Overlap for either possibility or necessity,,,3 Tense and aspect,1 None,7 No dominant order,1 SV,3 No dominant order,6 No dominant order,1 Postpositions,1 Genitive-Noun,1 Adjective-Noun,1 Demonstrative-Noun,1 Numeral-Noun,7 Mixed,1 Degree word-Adjective,6 No question particle,2 Not initial interrogative phrase,1 Initial subordinator word,5 Other,5 Other,5 Other,2 Nominative - accusative (standard),2 Nominative - accusative (standard),2 Accusative,2 Subject affixes on verb,2 Only the A argument,4 Zero in all 3sg forms,1 A and P do not or do not both occur on the verb,,,1 Present,3 No antipassive,8 No applicative construction,2 Purposive but no sequential,2 Morphological but no compound,5 Variation between negative word and affix,3 Both,1 A/Fin,,6 Interrogative intonation only,2 Genitive,2 Nonverbal encoding,2 Identical,1 Impossible,,,,,,,,,,,1 Decimal,,,,,,,2 Words derived from Min Nan Chinese te,,,,,4 None,2 RelN or NRel,,2 NRel or RelN,4 No NegSOV,7 No SVNegO,,11 NoSOVNeg,,16 More than one position,,,,1 Word&NoDoubleNeg,7 Type 1 / Type 2,,16 SONegV/SO[Neg-V]/SNegVO/S[Neg-V]O,,,4 No SVONeg,,,,22 SNegVO/SONegV/S[Neg-V]O/SO[Neg-V],13 More than one construction,1 SOV or SVO,3 NegV&[Neg-V],,,7 Type 1 / Type 3,,,4 No SNegOV,15 More than one construction,4 No NegSVO,,,4 None,,,,,5 No applicative construction,,,,4 no antipassive,,1 None reported,2 Imperative,
bsq,eus,basq1248,Basque,43,-3,Basque,Basque,Eurasia,ES FR,3 Average,2 Average (5-6),4 Moderately high,2 In plosives alone,2 None missing in /p t k b d g/,1 None,1 No glottalized consonants,"2 /l/, no obstruent laterals",3 No velar nasal,2 Contrast absent,1 None,3 Complex,1 No tones,,,,,1 All present,1 None,1 Exclusively concatenative,1 Monoexponential case,3 4-5 categories per word,3 Double marking,2 Dependent marking,5 Inconsistent or other,4 Equal prefixing and suffixing,1 Productive full and partial reduplication,2 Core cases only,3 Not syncretic,1 None,1 No gender,1 No gender,8 Plural clitic,"6 All nouns, always obligatory",4 Person-number stem,3 Unique periphrastic associative plural,1 Definite word distinct from demonstrative,2 Indefinite word same as 'one',3 No inclusive/exclusive,3 No inclusive/exclusive,3 Three-way contrast,1 Identical,2 Related for all demonstratives,6 No gender distinctions,2 Binary politeness distinction,1 Interrogative-based,2 Differentiated,2 No person marking,8 10 or more cases,6 Syncretism in relevant NP-types,6 Postpositional clitics,2 Differentiation,"6 First, two-th, three-th",4 Marked by suffix,1 Absent,1 Formally different,4 No possessive affixes,2 Absent,1 No possessive classification,6 Highly differentiated,2 Without marking,1 Sentential,1 'And' different from 'with',1 Identity,1 Grammatical marking,"1 Present, no remoteness distinctions",1 Inflectional future exists,3 Other perfect,4 Mixed type,1 Second singular and second plural,1 Normal imperative + normal negative,4 Neither type of system,2 Inflectional optative absent,1 Affixes on verbs,2 Affixes on verbs,1 Overlap for both possibility and necessity,2 Indirect only,4 Separate particle,1 Tense,1 None,1 SOV,1 SV,1 OV,3 XOV,1 Postpositions,1 Genitive-Noun,2 Noun-Adjective,2 Noun-Demonstrative,1 Numeral-Noun,2 Relative clause-Noun,1 Degree word-Adjective,4 Other position,2 Not initial interrogative phrase,2 Final subordinator word,1 OV and Postpositions,1 OV and RelN,2 OV and NAdj,6 Active-inactive,6 Active - inactive,3 Ergative,2 Subject affixes on verb,5 Both the A and P arguments,2 No zero realization,3 P precedes A,1 Indirect-object construction,2 Distinct from reflexive,1 Present,2 Oblique patient,8 No applicative construction,2 Purposive but no sequential,2 Morphological but no compound,2 Negative particle,2 Asymmetric,3 A/Cat,1 Predicate negation also present,1 Question particle,5 'Have',2 Nonverbal encoding,1 Different,1 Impossible,4 Particle,4 Gap,5 Not possible,,3 Deranked,2 Balanced/deranked,2 Balanced/deranked,1 Balanced,2 Different,2 Different,2 Hybrid vigesimal-decimal,,,,,1 No M-T pronouns,1 No N-M pronouns,1 Words derived from Sinitic cha,,,,,4 None,1 Relative clause-Noun (RelN) dominant,,,4 No NegSOV,,,11 NoSOVNeg,,7 SONegV,,,,,1 Word&NoDoubleNeg,,,,,,3 Immed preverbal,,,,,,1 NegV,,,1 NegV,,,4 No SNegOV,3 SONegV,,,,4 None,,,1 No m in second person singular,1 No m in first person singular,5 No applicative construction,,2 Non-zero marking,1 monoexponential TAM,2 partially productive,,1 None reported,5 None (= no suppletive imperatives reported in the reference material),
bul,bul,bulg1262,Bulgarian,42.5,25,Slavic,Indo-European,Eurasia,BG,3 Average,2 Average (5-6),3 Average,4 In both plosives and fricatives,2 None missing in /p t k b d g/,1 None,1 No glottalized consonants,"2 /l/, no obstruent laterals",,,1 None,3 Complex,1 No tones,,,,,1 All present,1 None,,,,,,,2 Strongly suffixing,,,,,,,2 Plural suffix,,,2 Unique affixal associative plural,1 Definite word distinct from demonstrative,,,,,,,,,1 Interrogative-based,2 Differentiated,,1 No morphological case-marking,3 Additive-quantitatively asymmetrical,9 No case affixes or adpositional clitics,,"7 First, second, three-th",5 Marked by preceding word,1 Absent,,4 No possessive affixes,,,,,3 Ergative-Possessive,1 'And' different from 'with',,1 Grammatical marking,"1 Present, no remoteness distinctions",2 No inflectional future,3 Other perfect,2 Tense-aspect suffixes,1 Second singular and second plural,4 Special imperative + special negative,1 Maximal system,2 Inflectional optative absent,,,,3 Direct and indirect,3 Part of the tense system,1 Tense,1 None,2 SVO,3 No dominant order,2 VO,1 VOX,2 Prepositions,3 No dominant order,1 Adjective-Noun,1 Demonstrative-Noun,1 Numeral-Noun,1 Noun-Relative clause,1 Degree word-Adjective,3 Second position,1 Initial interrogative phrase,1 Initial subordinator word,4 VO and Prepositions,4 VO and NRel,3 VO and AdjN,,,,2 Subject affixes on verb,,,,,3 Mixed,,,,,,2 Negative particle,,,1 Predicate negation also present,1 Question particle,,2 Nonverbal encoding,2 Identical,1 Impossible,,1 Relative pronoun,1 Relative pronoun,2 Subject is expressed overtly,,,,,,,,,,,,,,1 Words derived from Sinitic cha,,,,1 Logical meanings,4 None,,,1 Noun-Relative clause (NRel) dominant,,7 No SVNegO,,,,2 SNegVO,,,,1 Word&NoDoubleNeg,,,,,,4 No SVONeg,3 Immed preverbal,,,,2 SNegVO,,1 NegV,,,1 NegV,,,,,4 No NegSVO,,,4 None,,,,,,,,,,,,1 A regular and a suppletive form alternate,
ctl,cat,stan1289,Catalan,41.75,2,Romance,Indo-European,Eurasia,ES,3 Average,3 Large (7-14),3 Average,4 In both plosives and fricatives,2 None missing in /p t k b d g/,1 None,1 No glottalized consonants,"2 /l/, no obstruent laterals",,,1 None,2 Moderately complex,1 No tones,1 No fixed stress,3 Right-edge: Ultimate or penultimate,6 Lexical stress,5 No rhythmic stress,1 All present,1 None,,,,,,,,3 No productive reduplication,,,,,,,,,,,2 Indefinite word same as 'one',,,,,,,,,2 Differentiated,,1 No morphological case-marking,3 Additive-quantitatively asymmetrical,,1 Identity,"7 First, second, three-th",,,,,,,,,,,,,,,,,2 Second singular,3 Special imperative + normal negative,4 Neither type of system,,2 Verbal constructions,1 Verbal constructions,2 Overlap for either possibility or necessity,,,,,2 SVO,3 No dominant order,2 VO,,2 Prepositions,2 Noun-Genitive,2 Noun-Adjective,1 Demonstrative-Noun,1 Numeral-Noun,1 Noun-Relative clause,,6 No question particle,,,4 VO and Prepositions,4 VO and NRel,4 VO and NAdj,,,,2 Subject affixes on verb,,,,,,,,,,,2 Negative particle,,,1 Predicate negation also present,6 Interrogative intonation only,,,,,,,,,,,,,2 Different,2 Different,,,,,,,,2 Words derived from Min Nan Chinese te,,,,,1 VNeg,,,1 Noun-Relative clause (NRel) dominant,,5 Word&OnlyWithAnotherNeg,,,,19 OptDoubleNeg,,,,3 Word&OptDoubleNeg,,,,,4 SNegV(Neg)O,4 No SVONeg,3 Immed preverbal,,,,15 OptNeg,,1 NegV,1 NegV(Neg),,15 OptDoubleNeg,,,,,4 No NegSVO,,,4 None,,,,,,,,,,,,,
mnd,cmn,mand1415,Chinese,34,110,Chinese,Sino-Tibetan,Eurasia,CN,3 Average,2 Average (5-6),3 Average,3 In fricatives alone,1 Other,1 None,1 No glottalized consonants,"2 /l/, no obstruent laterals",2 No initial velar nasal,2 Contrast absent,3 High only,2 Moderately complex,3 Complex tone system,1 No fixed stress,7 Not predictable,6 Lexical stress,,1 All present,1 None,7 Isolating/concatenative,1 Monoexponential case,1 0-1 category per word,2 Dependent marking,2 Dependent marking,2 Dependent-marking,2 Strongly suffixing,1 Productive full and partial reduplication,1 No case marking,1 No subject person/number marking,1 None,1 No gender,1 No gender,2 Plural suffix,"2 Only human nouns, optional",8 Person stem + nominal plural affix,3 Unique periphrastic associative plural,,,5 Inclusive/exclusive,1 No person marking,2 Two-way contrast,1 Identical,6 Related for non-human reference,3 3rd person singular only,2 Binary politeness distinction,4 Mixed,1 Identical,2 No person marking,1 No morphological case-marking,1 No case-marking,9 No case affixes or adpositional clitics,2 Differentiation,"4 One-th, two-th, three-th",1 No distributive numerals,3 Obligatory,"3 Formally similar, with interrogative",4 No possessive affixes,2 Absent,1 No possessive classification,1 Weakly differentiated,6 Marked by following word,8 No action nominals,2 'And' identical to 'with',2 Differentiation,1 Grammatical marking,4 No past tense,2 No inflectional future,4 No perfect,2 Tense-aspect suffixes,5 No second-person imperatives,2 Normal imperative + special negative,4 Neither type of system,2 Inflectional optative absent,2 Verbal constructions,1 Verbal constructions,1 Overlap for both possibility and necessity,1 No grammatical evidentials,1 No grammatical evidentials,4 None,1 None,2 SVO,1 SV,2 VO,2 XVO,4 No dominant order,1 Genitive-Noun,1 Adjective-Noun,1 Demonstrative-Noun,1 Numeral-Noun,2 Relative clause-Noun,1 Degree word-Adjective,2 Final,2 Not initial interrogative phrase,,5 Other,3 VO and RelN,3 VO and AdjN,1 Neutral,1 Neutral,1 Neutral,5 Optional pronouns in subject position,1 No person marking,1 No person marking,1 A and P do not or do not both occur on the verb,4 Mixed,2 Distinct from reflexive,1 Present,3 No antipassive,8 No applicative construction,,3 Compound but no morphological,2 Negative particle,3 Both,1 A/Fin,1 Predicate negation also present,1 Question particle,3 Topic,1 Verbal encoding,1 Different,1 Impossible,2 Exceed,4 Gap,4 Gap,1 Subject is left implicit,1 Balanced,1 Balanced,1 Balanced,1 Balanced,2 Different,2 Different,1 Decimal,7 6,5 8-8.5,1 Green vs. blue,1 Red vs. yellow,1 No M-T pronouns,1 No N-M pronouns,1 Words derived from Sinitic cha,,,,,4 None,1 Relative clause-Noun (RelN) dominant,,,,7 No SVNegO,,,,2 SNegVO,,,,1 Word&NoDoubleNeg,,,,,,4 No SVONeg,3 Immed preverbal,,,,2 SNegVO,,1 NegV,,,1 NegV,,,,,4 No NegSVO,,,4 None,,,1 No m in second person singular,1 No m in first person singular,5 No applicative construction,,2 Non-zero marking,1 monoexponential TAM,4 no antipassive,,1 None reported,5 None (= no suppletive imperatives reported in the reference material),
scr,bos,sout1528,Croatian,44,19,Slavic,Indo-European,Eurasia,BA RS HR,,,,,,,,,,,,,,1 No fixed stress,5 Unbounded: Stress can be anywhere,5 Prominence,5 No rhythmic stress,,,,,,,,,2 Strongly suffixing,,,,,,,2 Plural suffix,"6 All nouns, always obligatory",,,5 No definite or indefinite article,5 No definite or indefinite article,,,,,1 Unrelated,,,1 Interrogative-based,,,5 5 cases,6 Syncretism in relevant NP-types,1 Case suffixes,,"7 First, second, three-th",,,,4 No possessive affixes,,,,,,1 'And' different from 'with',,,,,,5 No tense-aspect inflection,1 Second singular and second plural,1 Normal imperative + normal negative,4 Neither type of system,,2 Verbal constructions,1 Verbal constructions,1 Overlap for both possibility and necessity,,,3 Tense and aspect,1 None,2 SVO,1 SV,2 VO,,2 Prepositions,3 No dominant order,1 Adjective-Noun,1 Demonstrative-Noun,1 Numeral-Noun,,1 Degree word-Adjective,5 In either of two positions,,1 Initial subordinator word,4 VO and Prepositions,,3 VO and AdjN,,,,2 Subject affixes on verb,,,,,,,,,,,2 Negative particle,,,1 Predicate negation also present,1 Question particle,5 'Have',2 Nonverbal encoding,2 Identical,1 Impossible,,,,,,,,,1 Identical,2 Different,,,,,,,,1 Words derived from Sinitic cha,,,,1 Logical meanings,4 None,,,,,7 No SVNegO,,,,21 Other,,,,,,,,,,4 No SVONeg,,,,,11 Other NegV,,1 NegV,,,1 NegV,,,,,,,,4 None,,,,,,,,,,,,1 A regular and a suppletive form alternate,
cze,ces,czec1258,Czech,50,15,Slavic,Indo-European,Eurasia,CZ,,,,,,,,,,,,,,2 Initial,8 Fixed stress (no weight-sensitivity),1 No weight,1 Trochaic,,,,,,,,,3 Weakly suffixing,,,,,,,2 Plural suffix,,,,5 No definite or indefinite article,5 No definite or indefinite article,,,2 Two-way contrast,1 Identical,,,,,,,,,1 Case suffixes,,"7 First, second, three-th",5 Marked by preceding word,,,4 No possessive affixes,,,,,,,,,,,,4 Mixed type,1 Second singular and second plural,1 Normal imperative + normal negative,4 Neither type of system,,,,,,,3 Tense and aspect,1 None,2 SVO,1 SV,2 VO,,2 Prepositions,3 No dominant order,1 Adjective-Noun,1 Demonstrative-Noun,1 Numeral-Noun,1 Noun-Relative clause,,6 No question particle,2 Not initial interrogative phrase,1 Initial subordinator word,4 VO and Prepositions,4 VO and NRel,3 VO and AdjN,,,,2 Subject affixes on verb,,,,,,,,,,,1 Negative affix,,,,4 Interrogative word order,5 'Have',2 Nonverbal encoding,2 Identical,2 Possible,,,,,,,,,1 Identical,2 Different,,,,,,,,1 Words derived from Sinitic cha,,,,2 Affective meanings,4 None,,,1 Noun-Relative clause (NRel) dominant,,7 No SVNegO,,,,20 MorphNeg,,,,2 Prefix&NoDoubleNeg,,,,,,4 No SVONeg,,,,,5 S[Neg-V]O,,2 [Neg-V],,,3 [Neg-V],,,,,4 No NegSVO,,,4 None,,,,,,,,,,,,5 None (= no suppletive imperatives reported in the reference material),
dsh,dan,dani1285,Danish,56,10,Germanic,Indo-European,Eurasia,DK,,,,,,,,,,,,,,1 No fixed stress,6 Combined: Right-edge and unbounded,4 Long vowel or coda consonant,,,,,,,,,,2 Strongly suffixing,,,,,,,2 Plural suffix,,,,3 Definite affix,1 Indefinite word distinct from 'one',,,,,,,2 Binary politeness distinction,,1 Identical,,,,1 Case suffixes,1 Identity,"7 First, second, three-th",,,,4 No possessive affixes,,,,,,,,,,,,2 Tense-aspect suffixes,4 Second person number-neutral,1 Normal imperative + normal negative,4 Neither type of system,2 Inflectional optative absent,2 Verbal constructions,1 Verbal constructions,1 Overlap for both possibility and necessity,,,,,2 SVO,1 SV,2 VO,1 VOX,2 Prepositions,1 Genitive-Noun,1 Adjective-Noun,1 Demonstrative-Noun,1 Numeral-Noun,1 Noun-Relative clause,1 Degree word-Adjective,6 No question particle,1 Initial interrogative phrase,1 Initial subordinator word,4 VO and Prepositions,4 VO and NRel,3 VO and AdjN,,,,1 Obligatory pronouns in subject position,,,,,,,,,,,2 Negative particle,,,,4 Interrogative word order,,,,,,,,,,,,,2 Different,2 Different,2 Hybrid vigesimal-decimal,,,,,,,2 Words derived from Min Nan Chinese te,,,,2 Affective meanings,1 VNeg,,,1 Noun-Relative clause (NRel) dominant,,1 Word&NoDoubleNeg,,,,16 More than one position,,,,1 Word&NoDoubleNeg,,,,,,4 No SVONeg,,,,1 SNegVO/SVNegO,13 More than one construction,,1 NegV,,,6 Type 1 / Type 2,,,,,4 No NegSVO,,,4 None,,,,,,,,,,,,,
dut,nld,dutc1256,Dutch,52.5,6,Germanic,Indo-European,Eurasia,NL,,,,,,,,,,,,,,1 No fixed stress,4 Right-oriented: One of the last three,3 Coda consonant,1 Trochaic,,,,,,,,,2 Strongly suffixing,,,,,,,2 Plural suffix,"6 All nouns, always obligatory",,4 No associative plural,1 Definite word distinct from demonstrative,1 Indefinite word distinct from 'one',,,,,,3 3rd person singular only,2 Binary politeness distinction,3 Special,1 Identical,2 No person marking,1 No morphological case-marking,3 Additive-quantitatively asymmetrical,9 No case affixes or adpositional clitics,,"6 First, two-th, three-th",1 No distributive numerals,,"2 Formally similar, without interrogative",4 No possessive affixes,,,,,3 Ergative-Possessive,1 'And' different from 'with',,,,,,2 Tense-aspect suffixes,4 Second person number-neutral,1 Normal imperative + normal negative,4 Neither type of system,,2 Verbal constructions,1 Verbal constructions,1 Overlap for both possibility and necessity,2 Indirect only,5 Modal morpheme,1 Tense,1 None,7 No dominant order,1 SV,3 No dominant order,6 No dominant order,2 Prepositions,2 Noun-Genitive,1 Adjective-Noun,1 Demonstrative-Noun,1 Numeral-Noun,1 Noun-Relative clause,,6 No question particle,,1 Initial subordinator word,5 Other,5 Other,5 Other,,,2 Accusative,1 Obligatory pronouns in subject position,2 Only the A argument,2 No zero realization,1 A and P do not or do not both occur on the verb,,,1 Present,,,,,2 Negative particle,,,2 No predicate negation,4 Interrogative word order,5 'Have',2 Nonverbal encoding,2 Identical,1 Impossible,4 Particle,,,,,,,,2 Different,2 Different,,,,,,,,2 Words derived from Min Nan Chinese te,,,,2 Affective meanings,1 VNeg,,,1 Noun-Relative clause (NRel) dominant,4 No NegSOV,7 No SVNegO,,11 NoSOVNeg,,16 More than one position,,,,8 No SNegVO,1 Word&NoDoubleNeg,,9 SONegV/SVONeg,,,1 NoDoubleNeg,"6 End, not immed postverbal",,,15 SVONeg/SONegV,13 More than one construction,1 SOV or SVO,1 NegV,,,6 Type 1 / Type 2,,,4 No SNegOV,15 More than one construction,4 No NegSVO,,,4 None,,,,,,,,,,,,5 None (= no suppletive imperatives reported in the reference material),
eng,eng,stan1293,English,52,0,Germanic,Indo-European,Eurasia,GB IE,3 Average,3 Large (7-14),1 Low,4 In both plosives and fricatives,2 None missing in /p t k b d g/,1 None,1 No glottalized consonants,"2 /l/, no obstruent laterals",2 No initial velar nasal,2 Contrast absent,1 None,3 Complex,1 No tones,1 No fixed stress,4 Right-oriented: One of the last three,4 Long vowel or coda consonant,1 Trochaic,1 All present,5 'Th' sounds,1 Exclusively concatenative,5 No case,2 2-3 categories per word,2 Dependent marking,2 Dependent marking,2 Dependent-marking,2 Strongly suffixing,3 No productive reduplication,2 Core cases only,2 Syncretic,3 Three,2 Sex-based,2 Semantic,2 Plural suffix,"6 All nouns, always obligatory",4 Person-number stem,4 No associative plural,1 Definite word distinct from demonstrative,1 Indefinite word distinct from 'one',3 No inclusive/exclusive,2 'We' the same as 'I',2 Two-way contrast,1 Identical,2 Related for all demonstratives,3 3rd person singular only,1 No politeness distinction,2 Generic-noun-based,1 Identical,2 No person marking,2 2 cases,3 Additive-quantitatively asymmetrical,9 No case affixes or adpositional clitics,1 Identity,"7 First, second, three-th",1 No distributive numerals,1 Absent,"2 Formally similar, without interrogative",4 No possessive affixes,2 Absent,1 No possessive classification,6 Highly differentiated,6 Marked by following word,6 Mixed,1 'And' different from 'with',1 Identity,2 No grammatical marking,"1 Present, no remoteness distinctions",2 No inflectional future,1 From possessive,2 Tense-aspect suffixes,5 No second-person imperatives,1 Normal imperative + normal negative,4 Neither type of system,2 Inflectional optative absent,2 Verbal constructions,1 Verbal constructions,1 Overlap for both possibility and necessity,1 No grammatical evidentials,1 No grammatical evidentials,1 Tense,1 None,2 SVO,1 SV,2 VO,1 VOX,2 Prepositions,3 No dominant order,1 Adjective-Noun,1 Demonstrative-Noun,1 Numeral-Noun,1 Noun-Relative clause,1 Degree word-Adjective,6 No question particle,1 Initial interrogative phrase,1 Initial subordinator word,4 VO and Prepositions,4 VO and NRel,3 VO and AdjN,1 Neutral,2 Nominative - accusative (standard),2 Accusative,1 Obligatory pronouns in subject position,2 Only the A argument,2 No zero realization,1 A and P do not or do not both occur on the verb,4 Mixed,2 Distinct from reflexive,1 Present,3 No antipassive,8 No applicative construction,1 Sequential but no purposive,2 Morphological but no compound,2 Negative particle,3 Both,3 A/Cat,3 Mixed behaviour,4 Interrogative word order,5 'Have',2 Nonverbal encoding,2 Identical,1 Impossible,4 Particle,1 Relative pronoun,1 Relative pronoun,1 Subject is left implicit,2 Balanced/deranked,2 Balanced/deranked,2 Balanced/deranked,1 Balanced,2 Different,2 Different,1 Decimal,7 6,7 11,1 Green vs. blue,1 Red vs. yellow,1 No M-T pronouns,1 No N-M pronouns,2 Words derived from Min Nan Chinese te,,,,2 Affective meanings,4 None,,,1 Noun-Relative clause (NRel) dominant,,7 No SVNegO,,,,2 SNegVO,,,,1 Word&NoDoubleNeg,,,,,,4 No SVONeg,3 Immed preverbal,,,,2 SNegVO,,1 NegV,,,1 NegV,,,,,4 No NegSVO,,,4 None,,,1 No m in second person singular,2 m in first person singular,5 No applicative construction,,2 Non-zero marking,1 monoexponential TAM,4 no antipassive,,1 None reported,5 None (= no suppletive imperatives reported in the reference material),
est,est,esto1258,Estonian,59,26,Finnic,Uralic,Eurasia,EE,,,,,,,,,,,,,,2 Initial,8 Fixed stress (no weight-sensitivity),2 Long vowel,1 Trochaic,,,,,,,,,2 Strongly suffixing,,,,,,,2 Plural suffix,,,4 No associative plural,5 No definite or indefinite article,5 No definite or indefinite article,,,,,,,,1 Interrogative-based,,,8 10 or more cases,2 Symmetrical,1 Case suffixes,1 Identity,"7 First, second, three-th",,,,,,,,,6 Mixed,1 'And' different from 'with',,,,,,2 Tense-aspect suffixes,1 Second singular and second plural,3 Special imperative + normal negative,1 Maximal system,2 Inflectional optative absent,,,,2 Indirect only,2 Verbal affix or clitic,,,2 SVO,1 SV,2 VO,1 VOX,1 Postpositions,1 Genitive-Noun,1 Adjective-Noun,1 Demonstrative-Noun,1 Numeral-Noun,1 Noun-Relative clause,1 Degree word-Adjective,5 In either of two positions,1 Initial interrogative phrase,1 Initial subordinator word,3 VO and Postpositions,4 VO and NRel,3 VO and AdjN,,,,2 Subject affixes on verb,,,,,,,,,,,2 Negative particle,,,,1 Question particle,,2 Nonverbal encoding,2 Identical,1 Impossible,,,,,,,,,,,,,,,,,,2 Words derived from Min Nan Chinese te,,,,,4 None,,,1 Noun-Relative clause (NRel) dominant,,7 No SVNegO,,,,2 SNegVO,,,,1 Word&NoDoubleNeg,,,,,,4 No SVONeg,3 Immed preverbal,,,,2 SNegVO,,1 NegV,,,1 NegV,,,,,4 No NegSVO,,,4 None,,,,,,,,,,,,,
fre,fra,stan1290,French,48,2,Romance,Indo-European,Eurasia,FR CH,3 Average,3 Large (7-14),1 Low,4 In both plosives and fricatives,2 None missing in /p t k b d g/,3 Uvular continuants only,1 No glottalized consonants,"2 /l/, no obstruent laterals",3 No velar nasal,1 Contrast present,2 High and mid,3 Complex,1 No tones,1 No fixed stress,3 Right-edge: Ultimate or penultimate,5 Prominence,4 Undetermined,1 All present,1 None,1 Exclusively concatenative,5 No case,3 4-5 categories per word,4 No marking,2 Dependent marking,5 Inconsistent or other,2 Strongly suffixing,3 No productive reduplication,3 Core and non-core,2 Syncretic,2 Two,2 Sex-based,3 Semantic and formal,2 Plural suffix,"6 All nouns, always obligatory",6 Person-number stem + nominal plural affix,4 No associative plural,1 Definite word distinct from demonstrative,2 Indefinite word same as 'one',3 No inclusive/exclusive,3 No inclusive/exclusive,1 No distance contrast,2 Different stem,5 Related by gender markers,3 3rd person singular only,2 Binary politeness distinction,2 Generic-noun-based,2 Differentiated,2 No person marking,1 No morphological case-marking,1 No case-marking,7 Prepositional clitics,1 Identity,"7 First, second, three-th",1 No distributive numerals,1 Absent,1 Formally different,4 No possessive affixes,2 Absent,1 No possessive classification,6 Highly differentiated,2 Without marking,3 Ergative-Possessive,1 'And' different from 'with',1 Identity,1 Grammatical marking,"1 Present, no remoteness distinctions",1 Inflectional future exists,1 From possessive,2 Tense-aspect suffixes,2 Second singular,1 Normal imperative + normal negative,4 Neither type of system,2 Inflectional optative absent,2 Verbal constructions,1 Verbal constructions,1 Overlap for both possibility and necessity,2 Indirect only,5 Modal morpheme,3 Tense and aspect,1 None,2 SVO,1 SV,2 VO,1 VOX,2 Prepositions,2 Noun-Genitive,2 Noun-Adjective,1 Demonstrative-Noun,1 Numeral-Noun,1 Noun-Relative clause,1 Degree word-Adjective,1 Initial,1 Initial interrogative phrase,1 Initial subordinator word,4 VO and Prepositions,4 VO and NRel,4 VO and NAdj,1 Neutral,2 Nominative - accusative (standard),2 Accusative,1 Obligatory pronouns in subject position,2 Only the A argument,2 No zero realization,1 A and P do not or do not both occur on the verb,1 Indirect-object construction,3 Mixed,1 Present,3 No antipassive,8 No applicative construction,,4 Both,2 Negative particle,1 Symmetric,7 Non-assignable,3 Mixed behaviour,1 Question particle,,2 Nonverbal encoding,2 Identical,1 Impossible,4 Particle,1 Relative pronoun,1 Relative pronoun,1 Subject is left implicit,3 Deranked,2 Balanced/deranked,2 Balanced/deranked,2 Balanced/deranked,2 Different,2 Different,1 Decimal,7 6,7 11,1 Green vs. blue,1 Red vs. yellow,"2 M-T pronouns, paradigmatic",1 No N-M pronouns,2 Words derived from Min Nan Chinese te,,,,,1 VNeg,,,1 Noun-Relative clause (NRel) dominant,,3 Word&OptDoubleNeg,,,,19 OptDoubleNeg,,,,5 Word&OnlyWithAnotherNeg,,,,,3 S(Neg)VNegO,4 No SVONeg,4 Immed postverbal,,,,15 OptNeg,,1 NegV,2 (Neg)VNeg,,15 OptDoubleNeg,,,,,4 No NegSVO,,,4 None,,,1 No m in second person singular,2 m in first person singular,5 No applicative construction,,2 Non-zero marking,2 TAM+agreement,4 no antipassive,,1 None reported,5 None (= no suppletive imperatives reported in the reference material),
ger,deu,stan1295,German,52,10,Germanic,Indo-European,Eurasia,AT DE CH,3 Average,3 Large (7-14),1 Low,4 In both plosives and fricatives,2 None missing in /p t k b d g/,3 Uvular continuants only,1 No glottalized consonants,"2 /l/, no obstruent laterals",2 No initial velar nasal,2 Contrast absent,2 High and mid,3 Complex,1 No tones,1 No fixed stress,4 Right-oriented: One of the last three,3 Coda consonant,1 Trochaic,1 All present,1 None,1 Exclusively concatenative,2 Case + number,2 2-3 categories per word,2 Dependent marking,2 Dependent marking,2 Dependent-marking,2 Strongly suffixing,3 No productive reduplication,3 Core and non-core,2 Syncretic,3 Three,2 Sex-based,3 Semantic and formal,2 Plural suffix,"6 All nouns, always obligatory",4 Person-number stem,3 Unique periphrastic associative plural,1 Definite word distinct from demonstrative,2 Indefinite word same as 'one',3 No inclusive/exclusive,3 No inclusive/exclusive,1 No distance contrast,1 Identical,5 Related by gender markers,3 3rd person singular only,2 Binary politeness distinction,4 Mixed,2 Differentiated,2 No person marking,4 4 cases,6 Syncretism in relevant NP-types,1 Case suffixes,1 Identity,"6 First, two-th, three-th",5 Marked by preceding word,1 Absent,,4 No possessive affixes,2 Absent,1 No possessive classification,,,3 Ergative-Possessive,,1 Identity,2 No grammatical marking,"1 Present, no remoteness distinctions",2 No inflectional future,1 From possessive,2 Tense-aspect suffixes,2 Second singular,1 Normal imperative + normal negative,4 Neither type of system,2 Inflectional optative absent,2 Verbal constructions,1 Verbal constructions,1 Overlap for both possibility and necessity,2 Indirect only,5 Modal morpheme,1 Tense,1 None,7 No dominant order,1 SV,3 No dominant order,6 No dominant order,2 Prepositions,2 Noun-Genitive,1 Adjective-Noun,1 Demonstrative-Noun,1 Numeral-Noun,1 Noun-Relative clause,1 Degree word-Adjective,6 No question particle,1 Initial interrogative phrase,1 Initial subordinator word,5 Other,5 Other,5 Other,2 Nominative - accusative (standard),2 Nominative - accusative (standard),2 Accusative,1 Obligatory pronouns in subject position,2 Only the A argument,2 No zero realization,1 A and P do not or do not both occur on the verb,1 Indirect-object construction,3 Mixed,1 Present,3 No antipassive,8 No applicative construction,1 Sequential but no purposive,2 Morphological but no compound,2 Negative particle,1 Symmetric,7 Non-assignable,2 No predicate negation,4 Interrogative word order,,,,,,1 Relative pronoun,1 Relative pronoun,1 Subject is left implicit,2 Balanced/deranked,2 Balanced/deranked,1 Balanced,,2 Different,2 Different,1 Decimal,7 6,7 11,1 Green vs. blue,1 Red vs. yellow,"2 M-T pronouns, paradigmatic",1 No N-M pronouns,2 Words derived from Min Nan Chinese te,,,,2 Affective meanings,1 VNeg,,,1 Noun-Relative clause (NRel) dominant,4 No NegSOV,7 No SVNegO,,11 NoSOVNeg,,16 More than one position,,,,8 No SNegVO,1 Word&NoDoubleNeg,,9 SONegV/SVONeg,,,1 NoDoubleNeg,"6 End, not immed postverbal",,,15 SVONeg/SONegV,13 More than one construction,1 SOV or SVO,1 NegV,,,6 Type 1 / Type 2,,,4 No SNegOV,15 More than one construction,4 No NegSVO,,,4 None,,,1 No m in second person singular,2 m in first person singular,5 No applicative construction,,2 Non-zero marking,1 monoexponential TAM,4 no antipassive,,1 None reported,5 None (= no suppletive imperatives reported in the reference material),
heb,heb,hebr1245,Hebrew,31.5,34.83333333,Semitic,Afro-Asiatic,Eurasia,IL,,,,,,,,,3 No velar nasal,2 Contrast absent,,,,7 Ultimate,8 Fixed stress (no weight-sensitivity),1 No weight,1 Trochaic,,,6 Ablaut/concatenative,5 No case,3 4-5 categories per word,2 Dependent marking,2 Dependent marking,5 Inconsistent or other,3 Weakly suffixing,1 Productive full and partial reduplication,1 No case marking,2 Syncretic,2 Two,2 Sex-based,3 Semantic and formal,2 Plural suffix,"6 All nouns, always obligatory",4 Person-number stem,4 No associative plural,3 Definite affix,2 Indefinite word same as 'one',3 No inclusive/exclusive,3 No inclusive/exclusive,2 Two-way contrast,1 Identical,2 Related for all demonstratives,1 In 3rd person + 1st and/or 2nd person,1 No politeness distinction,1 Interrogative-based,1 Identical,3 Pronouns only,1 No morphological case-marking,1 No case-marking,7 Prepositional clitics,1 Identity,"6 First, two-th, three-th",1 No distributive numerals,1 Absent,"2 Formally similar, without interrogative",2 Possessive suffixes,2 Absent,1 No possessive classification,6 Highly differentiated,2 Without marking,6 Mixed,1 'And' different from 'with',1 Identity,2 No grammatical marking,"1 Present, no remoteness distinctions",1 Inflectional future exists,4 No perfect,4 Mixed type,1 Second singular and second plural,4 Special imperative + special negative,1 Maximal system,2 Inflectional optative absent,2 Verbal constructions,1 Verbal constructions,1 Overlap for both possibility and necessity,1 No grammatical evidentials,1 No grammatical evidentials,1 Tense,1 None,2 SVO,1 SV,2 VO,,2 Prepositions,2 Noun-Genitive,2 Noun-Adjective,2 Noun-Demonstrative,1 Numeral-Noun,1 Noun-Relative clause,3 No dominant order,1 Initial,1 Initial interrogative phrase,1 Initial subordinator word,4 VO and Prepositions,4 VO and NRel,4 VO and NAdj,2 Nominative - accusative (standard),2 Nominative - accusative (standard),2 Accusative,6 Mixed,2 Only the A argument,4 Zero in all 3sg forms,1 A and P do not or do not both occur on the verb,1 Indirect-object construction,3 Mixed,1 Present,3 No antipassive,8 No applicative construction,2 Purposive but no sequential,2 Morphological but no compound,2 Negative particle,3 Both,1 A/Fin,1 Predicate negation also present,1 Question particle,1 Locational,2 Nonverbal encoding,2 Identical,2 Possible,1 Locational,4 Gap,3 Pronoun-retention,1 Subject is left implicit,2 Balanced/deranked,1 Balanced,1 Balanced,1 Balanced,2 Different,2 Different,1 Decimal,,,,,1 No M-T pronouns,1 No N-M pronouns,2 Words derived from Min Nan Chinese te,,,,1 Logical meanings,4 None,,,1 Noun-Relative clause (NRel) dominant,,7 No SVNegO,,,,2 SNegVO,,,,1 Word&NoDoubleNeg,,,,,,4 No SVONeg,3 Immed preverbal,,,,2 SNegVO,,1 NegV,,,1 NegV,,,,,4 No NegSVO,,,4 None,,,1 No m in second person singular,1 No m in first person singular,5 No applicative construction,,2 Non-zero marking,3 TAM+agreement+diathesis,4 no antipassive,,1 None reported,5 None (= no suppletive imperatives reported in the reference material),
hin,hin,hind1269,Hindi,25,77,Indic,Indo-European,Eurasia,IN,5 Large,2 Average (5-6),4 Moderately high,4 In both plosives and fricatives,2 None missing in /p t k b d g/,1 None,1 No glottalized consonants,"2 /l/, no obstruent laterals",3 No velar nasal,1 Contrast present,1 None,3 Complex,1 No tones,1 No fixed stress,4 Right-oriented: One of the last three,4 Long vowel or coda consonant,,1 All present,1 None,1 Exclusively concatenative,1 Monoexponential case,2 2-3 categories per word,3 Double marking,2 Dependent marking,5 Inconsistent or other,2 Strongly suffixing,1 Productive full and partial reduplication,3 Core and non-core,2 Syncretic,2 Two,2 Sex-based,3 Semantic and formal,2 Plural suffix,"6 All nouns, always obligatory",4 Person-number stem,4 No associative plural,5 No definite or indefinite article,5 No definite or indefinite article,3 No inclusive/exclusive,1 No person marking,,,2 Related for all demonstratives,6 No gender distinctions,3 Multiple politeness distinctions,3 Special,1 Identical,2 No person marking,,,1 Case suffixes,2 Differentiation,"6 First, two-th, three-th",2 Marked by reduplication,1 Absent,"3 Formally similar, with interrogative",,2 Absent,1 No possessive classification,6 Highly differentiated,6 Marked by following word,2 Possessive-Accusative,1 'And' different from 'with',1 Identity,1 Grammatical marking,"1 Present, no remoteness distinctions",1 Inflectional future exists,3 Other perfect,2 Tense-aspect suffixes,1 Second singular and second plural,2 Normal imperative + special negative,4 Neither type of system,2 Inflectional optative absent,2 Verbal constructions,1 Verbal constructions,2 Overlap for either possibility or necessity,1 No grammatical evidentials,1 No grammatical evidentials,3 Tense and aspect,1 None,1 SOV,1 SV,1 OV,,1 Postpositions,1 Genitive-Noun,1 Adjective-Noun,1 Demonstrative-Noun,1 Numeral-Noun,4 Correlative,1 Degree word-Adjective,1 Initial,2 Not initial interrogative phrase,1 Initial subordinator word,1 OV and Postpositions,5 Other,1 OV and AdjN,5 Tripartite,5 Tripartite,2 Accusative,,2 Only the A argument,2 No zero realization,1 A and P do not or do not both occur on the verb,1 Indirect-object construction,2 Distinct from reflexive,1 Present,3 No antipassive,8 No applicative construction,2 Purposive but no sequential,2 Morphological but no compound,2 Negative particle,3 Both,3 A/Cat,1 Predicate negation also present,1 Question particle,1 Locational,2 Nonverbal encoding,2 Identical,1 Impossible,1 Locational,2 Non-reduction,2 Non-reduction,1 Subject is left implicit,,2 Balanced/deranked,2 Balanced/deranked,1 Balanced,,,1 Decimal,,,,,"2 M-T pronouns, paradigmatic",1 No N-M pronouns,1 Words derived from Sinitic cha,,,,1 Logical meanings,4 None,,,,4 No NegSOV,,,11 NoSOVNeg,,7 SONegV,,1 Correlative relative clause dominant,,,1 Word&NoDoubleNeg,,,,,,3 Immed preverbal,,,,,,1 NegV,,,1 NegV,,,4 No SNegOV,3 SONegV,,,,4 None,,,1 No m in second person singular,2 m in first person singular,5 No applicative construction,,2 Non-zero marking,2 TAM+agreement,4 no antipassive,,1 None reported,5 None (= no suppletive imperatives reported in the reference material),
ind,ind,indo1316,Indonesian,0,106,Malayo-Sumbawan,Austronesian,Papunesia,ID,3 Average,2 Average (5-6),3 Average,4 In both plosives and fricatives,2 None missing in /p t k b d g/,1 None,1 No glottalized consonants,"2 /l/, no obstruent laterals",1 Initial velar nasal,2 Contrast absent,1 None,3 Complex,1 No tones,6 Penultimate,8 Fixed stress (no weight-sensitivity),1 No weight,1 Trochaic,1 All present,1 None,2 Exclusively isolating,5 No case,3 4-5 categories per word,4 No marking,4 No marking,4 Zero-marking,2 Strongly suffixing,2 Full reduplication only,1 No case marking,1 No subject person/number marking,1 None,1 No gender,1 No gender,5 Plural complete reduplication,"4 All nouns, always optional",4 Person-number stem,3 Unique periphrastic associative plural,2 Demonstrative word used as definite article,"4 No indefinite, but definite article",5 Inclusive/exclusive,1 No person marking,2 Two-way contrast,1 Identical,1 Unrelated,6 No gender distinctions,4 Pronouns avoided for politeness,2 Generic-noun-based,1 Identical,2 No person marking,1 No morphological case-marking,1 No case-marking,9 No case affixes or adpositional clitics,3 Mixed,"5 First/one-th, two-th, three-th",1 No distributive numerals,2 Optional,"3 Formally similar, with interrogative",4 No possessive affixes,2 Absent,1 No possessive classification,1 Weakly differentiated,5 Marked by preceding word,3 Ergative-Possessive,2 'And' identical to 'with',1 Identity,2 No grammatical marking,4 No past tense,2 No inflectional future,"2 From 'finish', 'already'",2 Tense-aspect suffixes,5 No second-person imperatives,2 Normal imperative + special negative,4 Neither type of system,2 Inflectional optative absent,1 Affixes on verbs,3 Other,3 No overlap,1 No grammatical evidentials,1 No grammatical evidentials,4 None,1 None,2 SVO,1 SV,2 VO,1 VOX,2 Prepositions,2 Noun-Genitive,2 Noun-Adjective,2 Noun-Demonstrative,1 Numeral-Noun,1 Noun-Relative clause,1 Degree word-Adjective,5 In either of two positions,3 Mixed,1 Initial subordinator word,4 VO and Prepositions,4 VO and NRel,4 VO and NAdj,1 Neutral,1 Neutral,2 Accusative,1 Obligatory pronouns in subject position,3 Only the P argument,2 No zero realization,1 A and P do not or do not both occur on the verb,4 Mixed,2 Distinct from reflexive,1 Present,3 No antipassive,2 Benefactive object,only transitive,1 Sequential but no purposive,2 Morphological but no compound,"4 Negative word, unclear if verb or particle",1 Symmetric,7 Non-assignable,1 Predicate negation also present,1 Question particle,3 Topic,1 Verbal encoding,1 Different,2 Possible,,4 Gap,4 Gap,1 Subject is left implicit,1 Balanced,1 Balanced,1 Balanced,1 Balanced,2 Different,2 Different,1 Decimal,,,,,1 No M-T pronouns,1 No N-M pronouns,2 Words derived from Min Nan Chinese te,,,,,4 None,,,1 Noun-Relative clause (NRel) dominant,,7 No SVNegO,,,,2 SNegVO,,,,1 Word&NoDoubleNeg,,,,,,4 No SVONeg,3 Immed preverbal,,,,2 SNegVO,,1 NegV,,,1 NegV,,,,,4 No NegSVO,,,4 None,,,2 m in second person singular,1 No m in first person singular,4 No other roles (= Only benefactive),,1 Zero-marking,1 monoexponential TAM,4 no antipassive,,1 None reported,5 None (= no suppletive imperatives reported in the reference material)
ita,ita,ital1282,Italian,43,12,Romance,Indo-European,Eurasia,CH IT,,,,,,,,,,,,,,1 No fixed stress,3 Right-edge: Ultimate or penultimate,6 Lexical stress,4 Undetermined,,,,,,,,,2 Strongly suffixing,3 No productive reduplication,,,,,,2 Plural suffix,"6 All nouns, always obligatory",,4 No associative plural,1 Definite word distinct from demonstrative,2 Indefinite word same as 'one',,,2 Two-way contrast,1 Identical,,3 3rd person singular only,2 Binary politeness distinction,2 Generic-noun-based,2 Differentiated,2 No person marking,1 No morphological case-marking,3 Additive-quantitatively asymmetrical,9 No case affixes or adpositional clitics,1 Identity,"7 First, second, three-th",,,,4 No possessive affixes,,,,,,,1 Identity,,,,,2 Tense-aspect suffixes,2 Second singular,3 Special imperative + normal negative,4 Neither type of system,,2 Verbal constructions,1 Verbal constructions,1 Overlap for both possibility and necessity,,,,,2 SVO,3 No dominant order,2 VO,,2 Prepositions,2 Noun-Genitive,2 Noun-Adjective,1 Demonstrative-Noun,1 Numeral-Noun,1 Noun-Relative clause,1 Degree word-Adjective,6 No question particle,,1 Initial subordinator word,4 VO and Prepositions,4 VO and NRel,4 VO and NAdj,,,2 Accusative,2 Subject affixes on verb,2 Only the A argument,2 No zero realization,1 A and P do not or do not both occur on the verb,1 Indirect-object construction,,1 Present,,,,,2 Negative particle,1 Symmetric,7 Non-assignable,3 Mixed behaviour,6 Interrogative intonation only,,,,,,1 Relative pronoun,1 Relative pronoun,,3 Deranked,2 Balanced/deranked,2 Balanced/deranked,2 Balanced/deranked,2 Different,2 Different,,,,,,,,2 Words derived from Min Nan Chinese te,,,,1 Logical meanings,4 None,,,1 Noun-Relative clause (NRel) dominant,,7 No SVNegO,,,,2 SNegVO,,,,1 Word&NoDoubleNeg,,,,,,4 No SVONeg,3 Immed preverbal,,,,2 SNegVO,,1 NegV,,,1 NegV,,,,,4 No NegSVO,,,4 None,,,,,,,,,,,,,
jpn,jpn,nucl1643,Japanese,37,140,Japanese,Japanese,Eurasia,JP,2 Moderately small,2 Average (5-6),3 Average,4 In both plosives and fricatives,2 None missing in /p t k b d g/,3 Uvular continuants only,1 No glottalized consonants,1 No laterals,3 No velar nasal,2 Contrast absent,1 None,2 Moderately complex,2 Simple tone system,,,,,1 All present,1 None,1 Exclusively concatenative,1 Monoexponential case,3 4-5 categories per word,2 Dependent marking,2 Dependent marking,2 Dependent-marking,2 Strongly suffixing,2 Full reduplication only,1 No case marking,1 No subject person/number marking,,,,2 Plural suffix,"2 Only human nouns, optional",8 Person stem + nominal plural affix,1 Associative same as additive plural,"4 No definite, but indefinite article",1 Indefinite word distinct from 'one',3 No inclusive/exclusive,1 No person marking,3 Three-way contrast,3 Different inflection,1 Unrelated,"2 3rd person only, but also non-singular",4 Pronouns avoided for politeness,1 Interrogative-based,1 Identical,2 No person marking,7 8-9 cases,2 Symmetrical,6 Postpositional clitics,2 Differentiation,"4 One-th, two-th, three-th",4 Marked by suffix,3 Obligatory,"3 Formally similar, with interrogative",4 No possessive affixes,2 Absent,1 No possessive classification,2 Genitives and adjectives collapsed,7 Marked by mixed or other strategies,4 Double-Possessive,2 'And' identical to 'with',2 Differentiation,2 No grammatical marking,"1 Present, no remoteness distinctions",2 No inflectional future,4 No perfect,2 Tense-aspect suffixes,4 Second person number-neutral,2 Normal imperative + special negative,4 Neither type of system,2 Inflectional optative absent,1 Affixes on verbs,3 Other,2 Overlap for either possibility or necessity,2 Indirect only,2 Verbal affix or clitic,4 None,1 None,1 SOV,1 SV,1 OV,3 XOV,1 Postpositions,1 Genitive-Noun,1 Adjective-Noun,1 Demonstrative-Noun,1 Numeral-Noun,2 Relative clause-Noun,1 Degree word-Adjective,2 Final,2 Not initial interrogative phrase,2 Final subordinator word,1 OV and Postpositions,1 OV and RelN,1 OV and AdjN,2 Nominative - accusative (standard),2 Nominative - accusative (standard),1 Neutral,5 Optional pronouns in subject position,1 No person marking,1 No person marking,1 A and P do not or do not both occur on the verb,1 Indirect-object construction,2 Distinct from reflexive,1 Present,3 No antipassive,8 No applicative construction,,2 Morphological but no compound,1 Negative affix,2 Asymmetric,5 A/Fin and A/Cat,1 Predicate negation also present,1 Question particle,1 Locational,3 Mixed,1 Different,1 Impossible,1 Locational,4 Gap,4 Gap,4 Desiderative verbal affix,2 Balanced/deranked,2 Balanced/deranked,1 Balanced,1 Balanced,1 Identical,2 Different,1 Decimal,7 6,7 11,1 Green vs. blue,1 Red vs. yellow,1 No M-T pronouns,1 No N-M pronouns,1 Words derived from Sinitic cha,,,,2 Affective meanings,2 [V-Neg],1 Relative clause-Noun (RelN) dominant,,,4 No NegSOV,,,2 Suffix&NoDoubleNeg,,20 MorphNeg,,,,,8 No SONegV,,,,,,,,6 Internally-headed occurs as nondominant type,,,,4 None,,,4 [V-Neg],,,4 No SNegOV,6 SO[V-Neg],,,,4 None,,,2 m in second person singular,1 No m in first person singular,5 No applicative construction,,2 Non-zero marking,1 monoexponential TAM,4 no antipassive,,1 None reported,5 None (= no suppletive imperatives reported in the reference material),
lat,lav,latv1249,Latvian,57,24,Baltic,Indo-European,Eurasia,LV,4 Moderately large,2 Average (5-6),3 Average,4 In both plosives and fricatives,2 None missing in /p t k b d g/,1 None,1 No glottalized consonants,"2 /l/, no obstruent laterals",3 No velar nasal,2 Contrast absent,1 None,3 Complex,2 Simple tone system,2 Initial,8 Fixed stress (no weight-sensitivity),1 No weight,5 No rhythmic stress,1 All present,1 None,,,,,,,3 Weakly suffixing,,3 Core and non-core,2 Syncretic,2 Two,2 Sex-based,3 Semantic and formal,2 Plural suffix,"6 All nouns, always obligatory",4 Person-number stem,,2 Demonstrative word used as definite article,2 Indefinite word same as 'one',3 No inclusive/exclusive,3 No inclusive/exclusive,2 Two-way contrast,1 Identical,5 Related by gender markers,"2 3rd person only, but also non-singular",2 Binary politeness distinction,1 Interrogative-based,2 Differentiated,2 No person marking,5 5 cases,6 Syncretism in relevant NP-types,1 Case suffixes,1 Identity,"7 First, second, three-th",5 Marked by preceding word,1 Absent,1 Formally different,4 No possessive affixes,,,,,4 Double-Possessive,1 'And' different from 'with',1 Identity,2 No grammatical marking,"1 Present, no remoteness distinctions",1 Inflectional future exists,3 Other perfect,4 Mixed type,3 Second plural,1 Normal imperative + normal negative,4 Neither type of system,2 Inflectional optative absent,2 Verbal constructions,1 Verbal constructions,1 Overlap for both possibility and necessity,2 Indirect only,2 Verbal affix or clitic,1 Tense,1 None,2 SVO,3 No dominant order,2 VO,,2 Prepositions,1 Genitive-Noun,1 Adjective-Noun,1 Demonstrative-Noun,1 Numeral-Noun,1 Noun-Relative clause,1 Degree word-Adjective,1 Initial,1 Initial interrogative phrase,1 Initial subordinator word,4 VO and Prepositions,4 VO and NRel,3 VO and AdjN,2 Nominative - accusative (standard),2 Nominative - accusative (standard),2 Accusative,1 Obligatory pronouns in subject position,2 Only the A argument,4 Zero in all 3sg forms,1 A and P do not or do not both occur on the verb,1 Indirect-object construction,,1 Present,3 No antipassive,8 No applicative construction,2 Purposive but no sequential,2 Morphological but no compound,1 Negative affix,3 Both,3 A/Cat,1 Predicate negation also present,1 Question particle,1 Locational,2 Nonverbal encoding,2 Identical,2 Possible,4 Particle,1 Relative pronoun,1 Relative pronoun,1 Subject is left implicit,,,,,,,1 Decimal,,,,,,,2 Words derived from Min Nan Chinese te,,,,,4 None,,,1 Noun-Relative clause (NRel) dominant,,7 No SVNegO,,,,20 MorphNeg,,,,2 Prefix&NoDoubleNeg,,,,,,4 No SVONeg,,,,,5 S[Neg-V]O,,2 [Neg-V],,,3 [Neg-V],,,,,4 No NegSVO,,,4 None,,,,,5 No applicative construction,,,,4 no antipassive,,,5 None (= no suppletive imperatives reported in the reference material),
nor,nob,norw1259,Norwegian,61,8,Germanic,Indo-European,Eurasia,NO,3 Average,3 Large (7-14),2 Moderately low,2 In plosives alone,2 None missing in /p t k b d g/,1 None,1 No glottalized consonants,"2 /l/, no obstruent laterals",,,2 High and mid,3 Complex,2 Simple tone system,1 No fixed stress,4 Right-oriented: One of the last three,4 Long vowel or coda consonant,4 Undetermined,1 All present,1 None,,,,,,,2 Strongly suffixing,,,,,,,2 Plural suffix,,,3 Unique periphrastic associative plural,3 Definite affix,2 Indefinite word same as 'one',,,,,,,2 Binary politeness distinction,,1 Identical,,,,1 Case suffixes,1 Identity,"7 First, second, three-th",,,,4 No possessive affixes,,,,,,,,,,,,2 Tense-aspect suffixes,4 Second person number-neutral,1 Normal imperative + normal negative,4 Neither type of system,2 Inflectional optative absent,,,,,,,,2 SVO,1 SV,2 VO,,2 Prepositions,3 No dominant order,1 Adjective-Noun,1 Demonstrative-Noun,1 Numeral-Noun,1 Noun-Relative clause,1 Degree word-Adjective,6 No question particle,1 Initial interrogative phrase,1 Initial subordinator word,4 VO and Prepositions,4 VO and NRel,3 VO and AdjN,,,,1 Obligatory pronouns in subject position,,,,,,,,,,,2 Negative particle,,,,4 Interrogative word order,,,,,,,,,,,,,2 Different,2 Different,,,,,,,,2 Words derived from Min Nan Chinese te,,,,,1 VNeg,,,1 Noun-Relative clause (NRel) dominant,,1 Word&NoDoubleNeg,,,,16 More than one position,,,,1 Word&NoDoubleNeg,,,,,,4 No SVONeg,,,,1 SNegVO/SVNegO,13 More than one construction,,1 NegV,,,6 Type 1 / Type 2,,,,,4 No NegSVO,,,4 None,,,,,,,,,,,,,
prs,pes,west2369,Persian,32,54,Iranian,Indo-European,Eurasia,IR,3 Average,2 Average (5-6),3 Average,4 In both plosives and fricatives,2 None missing in /p t k b d g/,2 Uvular stops only,1 No glottalized consonants,"2 /l/, no obstruent laterals",3 No velar nasal,2 Contrast absent,1 None,3 Complex,1 No tones,7 Ultimate,8 Fixed stress (no weight-sensitivity),1 No weight,,1 All present,1 None,1 Exclusively concatenative,1 Monoexponential case,3 4-5 categories per word,3 Double marking,1 Head marking,5 Inconsistent or other,3 Weakly suffixing,1 Productive full and partial reduplication,1 No case marking,3 Not syncretic,1 None,1 No gender,1 No gender,2 Plural suffix,,4 Person-number stem,3 Unique periphrastic associative plural,"4 No definite, but indefinite article",,3 No inclusive/exclusive,3 No inclusive/exclusive,2 Two-way contrast,3 Different inflection,6 Related for non-human reference,3 3rd person singular only,2 Binary politeness distinction,2 Generic-noun-based,1 Identical,3 Pronouns only,2 2 cases,2 Symmetrical,9 No case affixes or adpositional clitics,1 Identity,"5 First/one-th, two-th, three-th",1 No distributive numerals,2 Optional,"2 Formally similar, without interrogative",4 No possessive affixes,2 Absent,1 No possessive classification,2 Genitives and adjectives collapsed,2 Without marking,3 Ergative-Possessive,1 'And' different from 'with',1 Identity,1 Grammatical marking,"1 Present, no remoteness distinctions",2 No inflectional future,4 No perfect,4 Mixed type,2 Second singular,1 Normal imperative + normal negative,2 Minimal system,2 Inflectional optative absent,2 Verbal constructions,3 Other,2 Overlap for either possibility or necessity,3 Direct and indirect,3 Part of the tense system,3 Tense and aspect,1 None,1 SOV,1 SV,1 OV,,2 Prepositions,2 Noun-Genitive,2 Noun-Adjective,1 Demonstrative-Noun,1 Numeral-Noun,1 Noun-Relative clause,1 Degree word-Adjective,1 Initial,2 Not initial interrogative phrase,1 Initial subordinator word,2 OV and Prepositions,2 OV and NRel,2 OV and NAdj,2 Nominative - accusative (standard),2 Nominative - accusative (standard),2 Accusative,2 Subject affixes on verb,5 Both the A and P arguments,4 Zero in all 3sg forms,2 A precedes P,1 Indirect-object construction,2 Distinct from reflexive,1 Present,3 No antipassive,8 No applicative construction,2 Purposive but no sequential,2 Morphological but no compound,1 Negative affix,1 Symmetric,7 Non-assignable,1 Predicate negation also present,1 Question particle,5 'Have',2 Nonverbal encoding,2 Identical,1 Impossible,,4 Gap,3 Pronoun-retention,2 Subject is expressed overtly,3 Deranked,1 Balanced,1 Balanced,1 Balanced,,,1 Decimal,,,,,"2 M-T pronouns, paradigmatic",1 No N-M pronouns,1 Words derived from Sinitic cha,,,,1 Logical meanings,4 None,,,1 Noun-Relative clause (NRel) dominant,4 No NegSOV,,,11 NoSOVNeg,,20 MorphNeg,,,,,2 Prefix&NoDoubleNeg,,,,,,,,,,,,2 [Neg-V],,,3 [Neg-V],,,4 No SNegOV,5 SO[Neg-V],,,,4 None,,,1 No m in second person singular,2 m in first person singular,5 No applicative construction,,2 Non-zero marking,1 monoexponential TAM,4 no antipassive,,1 None reported,5 None (= no suppletive imperatives reported in the reference material),
pol,pol,poli1260,Polish,52,20,Slavic,Indo-European,Eurasia,PL,5 Large,2 Average (5-6),4 Moderately high,4 In both plosives and fricatives,2 None missing in /p t k b d g/,1 None,1 No glottalized consonants,"2 /l/, no obstruent laterals",,,1 None,3 Complex,1 No tones,6 Penultimate,8 Fixed stress (no weight-sensitivity),1 No weight,1 Trochaic,1 All present,1 None,,,,,,,2 Strongly suffixing,,,,,,,2 Plural suffix,,,1 Associative same as additive plural,5 No definite or indefinite article,5 No definite or indefinite article,,,,,,"2 3rd person only, but also non-singular",2 Binary politeness distinction,1 Interrogative-based,2 Differentiated,2 No person marking,6 6-7 cases,6 Syncretism in relevant NP-types,1 Case suffixes,2 Differentiation,"7 First, second, three-th",5 Marked by preceding word,,,,,,,,,1 'And' different from 'with',,,,,,2 Tense-aspect suffixes,1 Second singular and second plural,1 Normal imperative + normal negative,4 Neither type of system,,2 Verbal constructions,1 Verbal constructions,1 Overlap for both possibility and necessity,,,3 Tense and aspect,1 None,2 SVO,3 No dominant order,2 VO,,2 Prepositions,2 Noun-Genitive,1 Adjective-Noun,1 Demonstrative-Noun,1 Numeral-Noun,1 Noun-Relative clause,1 Degree word-Adjective,1 Initial,1 Initial interrogative phrase,1 Initial subordinator word,4 VO and Prepositions,4 VO and NRel,3 VO and AdjN,,,2 Accusative,3 Subject clitics on variable host,2 Only the A argument,2 No zero realization,1 A and P do not or do not both occur on the verb,,3 Mixed,1 Present,,,,,2 Negative particle,,,1 Predicate negation also present,1 Question particle,5 'Have',2 Nonverbal encoding,2 Identical,2 Possible,,,,,,,,,2 Different,2 Different,,,,,,,,3 Others,,,,,4 None,,,1 Noun-Relative clause (NRel) dominant,,7 No SVNegO,,,,2 SNegVO,,,,1 Word&NoDoubleNeg,,,,,,4 No SVONeg,3 Immed preverbal,,,,2 SNegVO,,1 NegV,,,1 NegV,,,,,4 No NegSVO,,,4 None,,,,,,,,,,,,5 None (= no suppletive imperatives reported in the reference material),
por,por,port1283,Portuguese,39,-8,Romance,Indo-European,Eurasia,PT,,,,,,,,,,,,,,1 No fixed stress,3 Right-edge: Ultimate or penultimate,6 Lexical stress,,,,,,,,,,2 Strongly suffixing,3 No productive reduplication,,,,,,2 Plural suffix,"6 All nouns, always obligatory",,4 No associative plural,1 Definite word distinct from demonstrative,2 Indefinite word same as 'one',,,,,,,2 Binary politeness distinction,4 Mixed,2 Differentiated,,,,9 No case affixes or adpositional clitics,1 Identity,"7 First, second, three-th",,,,,,,,,,,,1 Grammatical marking,"1 Present, no remoteness distinctions",2 No inflectional future,4 No perfect,2 Tense-aspect suffixes,2 Second singular,3 Special imperative + normal negative,4 Neither type of system,,2 Verbal constructions,1 Verbal constructions,1 Overlap for both possibility and necessity,,,,,2 SVO,1 SV,2 VO,,2 Prepositions,2 Noun-Genitive,2 Noun-Adjective,1 Demonstrative-Noun,,1 Noun-Relative clause,1 Degree word-Adjective,1 Initial,,,4 VO and Prepositions,4 VO and NRel,4 VO and NAdj,,,,2 Subject affixes on verb,,,,,,,,,,,2 Negative particle,,,3 Mixed behaviour,1 Question particle,,,,,,,,,,,,,2 Different,2 Different,,,,,,,,1 Words derived from Sinitic cha,,,,,4 None,,,1 Noun-Relative clause (NRel) dominant,,7 No SVNegO,,,,2 SNegVO,,,,1 Word&NoDoubleNeg,,,,,,4 No SVONeg,3 Immed preverbal,,,,2 SNegVO,,1 NegV,,,1 NegV,,,,,4 No NegSVO,,,4 None,,,,,,,,,,,,,
rom,ron,roma1327,Romanian,46,25,Romance,Indo-European,Eurasia,RO,3 Average,3 Large (7-14),3 Average,4 In both plosives and fricatives,2 None missing in /p t k b d g/,1 None,1 No glottalized consonants,"2 /l/, no obstruent laterals",,,1 None,,1 No tones,1 No fixed stress,3 Right-edge: Ultimate or penultimate,6 Lexical stress,,1 All present,1 None,,,,,,,2 Strongly suffixing,,,,,,,2 Plural suffix,"6 All nouns, always obligatory",,,3 Definite affix,2 Indefinite word same as 'one',,,,,,,3 Multiple politeness distinctions,1 Interrogative-based,2 Differentiated,,2 2 cases,3 Additive-quantitatively asymmetrical,1 Case suffixes,1 Identity,"6 First, two-th, three-th",5 Marked by preceding word,,,4 No possessive affixes,,,,,,1 'And' different from 'with',,1 Grammatical marking,"1 Present, no remoteness distinctions",2 No inflectional future,4 No perfect,2 Tense-aspect suffixes,2 Second singular,3 Special imperative + normal negative,1 Maximal system,,2 Verbal constructions,1 Verbal constructions,1 Overlap for both possibility and necessity,1 No grammatical evidentials,1 No grammatical evidentials,,,2 SVO,1 SV,2 VO,,2 Prepositions,2 Noun-Genitive,2 Noun-Adjective,6 Mixed,1 Numeral-Noun,1 Noun-Relative clause,1 Degree word-Adjective,6 No question particle,1 Initial interrogative phrase,1 Initial subordinator word,4 VO and Prepositions,4 VO and NRel,4 VO and NAdj,,,,,,,,,,,,,,,2 Negative particle,,,1 Predicate negation also present,6 Interrogative intonation only,5 'Have',2 Nonverbal encoding,2 Identical,1 Impossible,,,,2 Subject is expressed overtly,,,,,2 Different,2 Different,,,,,,,,,,,,,4 None,,,1 Noun-Relative clause (NRel) dominant,,7 No SVNegO,,,,2 SNegVO,,,,1 Word&NoDoubleNeg,,,,,,4 No SVONeg,3 Immed preverbal,,,,2 SNegVO,,1 NegV,,,1 NegV,,,,,4 No NegSVO,,,4 None,,,,,,,,,,,,,
rus,rus,russ1263,Russian,56,38,Slavic,Indo-European,Eurasia,RU,4 Moderately large,2 Average (5-6),5 High,4 In both plosives and fricatives,2 None missing in /p t k b d g/,1 None,1 No glottalized consonants,"2 /l/, no obstruent laterals",3 No velar nasal,2 Contrast absent,1 None,3 Complex,1 No tones,1 No fixed stress,5 Unbounded: Stress can be anywhere,6 Lexical stress,5 No rhythmic stress,1 All present,1 None,1 Exclusively concatenative,2 Case + number,3 4-5 categories per word,2 Dependent marking,2 Dependent marking,2 Dependent-marking,2 Strongly suffixing,3 No productive reduplication,3 Core and non-core,3 Not syncretic,3 Three,2 Sex-based,3 Semantic and formal,2 Plural suffix,"6 All nouns, always obligatory",6 Person-number stem + nominal plural affix,4 No associative plural,5 No definite or indefinite article,5 No definite or indefinite article,3 No inclusive/exclusive,3 No inclusive/exclusive,2 Two-way contrast,1 Identical,,3 3rd person singular only,2 Binary politeness distinction,1 Interrogative-based,2 Differentiated,2 No person marking,6 6-7 cases,6 Syncretism in relevant NP-types,1 Case suffixes,3 Mixed,"7 First, second, three-th",5 Marked by preceding word,1 Absent,,4 No possessive affixes,2 Absent,1 No possessive classification,6 Highly differentiated,2 Without marking,3 Ergative-Possessive,1 'And' different from 'with',1 Identity,1 Grammatical marking,"1 Present, no remoteness distinctions",2 No inflectional future,4 No perfect,4 Mixed type,1 Second singular and second plural,1 Normal imperative + normal negative,4 Neither type of system,2 Inflectional optative absent,2 Verbal constructions,1 Verbal constructions,1 Overlap for both possibility and necessity,1 No grammatical evidentials,1 No grammatical evidentials,3 Tense and aspect,1 None,2 SVO,1 SV,2 VO,,2 Prepositions,2 Noun-Genitive,1 Adjective-Noun,1 Demonstrative-Noun,1 Numeral-Noun,1 Noun-Relative clause,1 Degree word-Adjective,3 Second position,1 Initial interrogative phrase,1 Initial subordinator word,4 VO and Prepositions,4 VO and NRel,3 VO and AdjN,2 Nominative - accusative (standard),2 Nominative - accusative (standard),2 Accusative,1 Obligatory pronouns in subject position,2 Only the A argument,2 No zero realization,1 A and P do not or do not both occur on the verb,1 Indirect-object construction,3 Mixed,1 Present,3 No antipassive,8 No applicative construction,2 Purposive but no sequential,2 Morphological but no compound,2 Negative particle,1 Symmetric,7 Non-assignable,1 Predicate negation also present,1 Question particle,1 Locational,2 Nonverbal encoding,2 Identical,2 Possible,4 Particle,1 Relative pronoun,1 Relative pronoun,1 Subject is left implicit,2 Balanced/deranked,2 Balanced/deranked,2 Balanced/deranked,1 Balanced,1 Identical,2 Different,1 Decimal,7 6,7 11,1 Green vs. blue,1 Red vs. yellow,"2 M-T pronouns, paradigmatic",1 No N-M pronouns,1 Words derived from Sinitic cha,,,,2 Affective meanings,4 None,,,1 Noun-Relative clause (NRel) dominant,,7 No SVNegO,,,,2 SNegVO,,,,1 Word&NoDoubleNeg,,,,,,4 No SVONeg,3 Immed preverbal,,,,2 SNegVO,,1 NegV,,,1 NegV,,,,,4 No NegSVO,,,4 None,,,1 No m in second person singular,2 m in first person singular,5 No applicative construction,,2 Non-zero marking,1 monoexponential TAM,4 no antipassive,,1 None reported,2 Imperative,
svk,slk,slov1269,Slovak,49,20,Slavic,Indo-European,Eurasia,SK,,,,,,,,,,,,,,2 Initial,8 Fixed stress (no weight-sensitivity),1 No weight,1 Trochaic,,,,,,,,,,,,,,,,,,,,,,,,,,,,,,2 Differentiated,,,,,,"7 First, second, three-th",,,,,,,,,,,,,,,,,,,,,,,,,,3 Tense and aspect,1 None,,,,,,,,,,,,,,,,,,,,,,,,,,,,,,,,,,,,,,,,,,,,,,,,,1 Identical,2 Different,,,,,,,,1 Words derived from Sinitic cha,,,,2 Affective meanings,,,,,,,,,,,,,,,,,,,,,,,,,,,,,,,,,,,,,,,,,,,,,,,,,,5 None (= no suppletive imperatives reported in the reference material),
slo,slv,slov1268,Slovene,46,15,Slavic,Indo-European,Eurasia,SI,,,,,,,,,,,,,,1 No fixed stress,5 Unbounded: Stress can be anywhere,5 Prominence,5 No rhythmic stress,,,,,,,,,2 Strongly suffixing,,,,,,,2 Plural suffix,,,,,,,,,,,,,,,,,,1 Case suffixes,,"7 First, second, three-th",,,,,,,,,,,,,,,,,1 Second singular and second plural,1 Normal imperative + normal negative,4 Neither type of system,2 Inflectional optative absent,2 Verbal constructions,3 Other,1 Overlap for both possibility and necessity,,,3 Tense and aspect,1 None,2 SVO,1 SV,2 VO,,2 Prepositions,3 No dominant order,1 Adjective-Noun,1 Demonstrative-Noun,1 Numeral-Noun,,,,,,4 VO and Prepositions,,3 VO and AdjN,,,,2 Subject affixes on verb,,,,,,,,,,,2 Negative particle,,,,1 Question particle,,,,,,,,,,,,,,,,,,,,,,1 Words derived from Sinitic cha,,,,,4 None,,,,,7 No SVNegO,,,,2 SNegVO,,,,1 Word&NoDoubleNeg,,,,,,4 No SVONeg,3 Immed preverbal,,,,2 SNegVO,,1 NegV,,,1 NegV,,,,,4 No NegSVO,,,4 None,,,,,,,,,,,,5 None (= no suppletive imperatives reported in the reference material),
spa,spa,stan1288,Spanish,40,-4,Romance,Indo-European,Eurasia,ES,3 Average,2 Average (5-6),3 Average,3 In fricatives alone,1 Other,1 None,1 No glottalized consonants,"2 /l/, no obstruent laterals",3 No velar nasal,2 Contrast absent,1 None,2 Moderately complex,1 No tones,1 No fixed stress,3 Right-edge: Ultimate or penultimate,7 Combined,1 Trochaic,1 All present,5 'Th' sounds,1 Exclusively concatenative,1 Monoexponential case,3 4-5 categories per word,3 Double marking,2 Dependent marking,5 Inconsistent or other,2 Strongly suffixing,3 No productive reduplication,3 Core and non-core,2 Syncretic,2 Two,2 Sex-based,3 Semantic and formal,2 Plural suffix,"6 All nouns, always obligatory",5 Person-number stem + pronominal plural affix,4 No associative plural,1 Definite word distinct from demonstrative,2 Indefinite word same as 'one',3 No inclusive/exclusive,3 No inclusive/exclusive,3 Three-way contrast,1 Identical,1 Unrelated,1 In 3rd person + 1st and/or 2nd person,2 Binary politeness distinction,3 Special,2 Differentiated,2 No person marking,1 No morphological case-marking,3 Additive-quantitatively asymmetrical,9 No case affixes or adpositional clitics,,"7 First, second, three-th",1 No distributive numerals,,,4 No possessive affixes,2 Absent,1 No possessive classification,,2 Without marking,3 Ergative-Possessive,1 'And' different from 'with',1 Identity,1 Grammatical marking,"1 Present, no remoteness distinctions",1 Inflectional future exists,1 From possessive,2 Tense-aspect suffixes,1 Second singular and second plural,3 Special imperative + normal negative,4 Neither type of system,2 Inflectional optative absent,2 Verbal constructions,1 Verbal constructions,1 Overlap for both possibility and necessity,1 No grammatical evidentials,1 No grammatical evidentials,3 Tense and aspect,1 None,2 SVO,3 No dominant order,2 VO,1 VOX,2 Prepositions,2 Noun-Genitive,2 Noun-Adjective,1 Demonstrative-Noun,1 Numeral-Noun,1 Noun-Relative clause,1 Degree word-Adjective,6 No question particle,1 Initial interrogative phrase,1 Initial subordinator word,4 VO and Prepositions,4 VO and NRel,4 VO and NAdj,2 Nominative - accusative (standard),2 Nominative - accusative (standard),2 Accusative,2 Subject affixes on verb,5 Both the A and P arguments,2 No zero realization,3 P precedes A,1 Indirect-object construction,3 Mixed,1 Present,3 No antipassive,8 No applicative construction,3 Both,4 Both,2 Negative particle,1 Symmetric,7 Non-assignable,3 Mixed behaviour,4 Interrogative word order,5 'Have',2 Nonverbal encoding,1 Different,1 Impossible,4 Particle,4 Gap,1 Relative pronoun,1 Subject is left implicit,3 Deranked,2 Balanced/deranked,2 Balanced/deranked,2 Balanced/deranked,2 Different,2 Different,1 Decimal,7 6,7 11,1 Green vs. blue,1 Red vs. yellow,"2 M-T pronouns, paradigmatic",1 No N-M pronouns,2 Words derived from Min Nan Chinese te,,,,2 Affective meanings,4 None,,,1 Noun-Relative clause (NRel) dominant,,7 No SVNegO,,,,2 SNegVO,,,,1 Word&NoDoubleNeg,,,,,,4 No SVONeg,3 Immed preverbal,,,,2 SNegVO,,1 NegV,,,1 NegV,,,,,4 No NegSVO,,,4 None,,,1 No m in second person singular,2 m in first person singular,5 No applicative construction,,2 Non-zero marking,2 TAM+agreement,4 no antipassive,,1 None reported,2 Imperative,
swe,swe,swed1254,Swedish,60,15,Germanic,Indo-European,Eurasia,SE FI,,,,,,,,,,,,,,1 No fixed stress,4 Right-oriented: One of the last three,4 Long vowel or coda consonant,5 No rhythmic stress,,,,,,,,,2 Strongly suffixing,,,,,,,2 Plural suffix,"6 All nouns, always obligatory",,,3 Definite affix,2 Indefinite word same as 'one',,,2 Two-way contrast,1 Identical,,,2 Binary politeness distinction,3 Special,1 Identical,,2 2 cases,3 Additive-quantitatively asymmetrical,9 No case affixes or adpositional clitics,1 Identity,"7 First, second, three-th",,,,4 No possessive affixes,,,,,5 Other,1 'And' different from 'with',,2 No grammatical marking,"1 Present, no remoteness distinctions",2 No inflectional future,1 From possessive,2 Tense-aspect suffixes,4 Second person number-neutral,1 Normal imperative + normal negative,4 Neither type of system,2 Inflectional optative absent,2 Verbal constructions,1 Verbal constructions,1 Overlap for both possibility and necessity,2 Indirect only,6 Mixed,1 Tense,1 None,2 SVO,1 SV,2 VO,1 VOX,2 Prepositions,1 Genitive-Noun,1 Adjective-Noun,1 Demonstrative-Noun,1 Numeral-Noun,1 Noun-Relative clause,1 Degree word-Adjective,6 No question particle,1 Initial interrogative phrase,1 Initial subordinator word,4 VO and Prepositions,4 VO and NRel,3 VO and AdjN,,,,1 Obligatory pronouns in subject position,,,,,,,,,,,2 Negative particle,,,3 Mixed behaviour,4 Interrogative word order,5 'Have',2 Nonverbal encoding,2 Identical,1 Impossible,,,,,,,,,,,,,,,,,,2 Words derived from Min Nan Chinese te,,,,2 Affective meanings,1 VNeg,,,1 Noun-Relative clause (NRel) dominant,,1 Word&NoDoubleNeg,,,,16 More than one position,,,,1 Word&NoDoubleNeg,,,,,,4 No SVONeg,,,,1 SNegVO/SVNegO,13 More than one construction,,1 NegV,,,6 Type 1 / Type 2,,,,,4 No NegSVO,,,4 None,,,,,,,,,,,,5 None (= no suppletive imperatives reported in the reference material),
tur,tur,nucl1301,Turkish,39,35,Turkic,Altaic,Eurasia,TR,3 Average,3 Large (7-14),3 Average,4 In both plosives and fricatives,2 None missing in /p t k b d g/,1 None,1 No glottalized consonants,"2 /l/, no obstruent laterals",3 No velar nasal,2 Contrast absent,2 High and mid,2 Moderately complex,1 No tones,1 No fixed stress,5 Unbounded: Stress can be anywhere,6 Lexical stress,5 No rhythmic stress,1 All present,1 None,1 Exclusively concatenative,1 Monoexponential case,4 6-7 categories per word,2 Dependent marking,3 Double marking,5 Inconsistent or other,2 Strongly suffixing,1 Productive full and partial reduplication,4 No syncretism,3 Not syncretic,1 None,1 No gender,1 No gender,2 Plural suffix,"6 All nouns, always obligatory",8 Person stem + nominal plural affix,1 Associative same as additive plural,"4 No definite, but indefinite article",2 Indefinite word same as 'one',3 No inclusive/exclusive,3 No inclusive/exclusive,2 Two-way contrast,3 Different inflection,3 Related to remote demonstratives,6 No gender distinctions,2 Binary politeness distinction,2 Generic-noun-based,1 Identical,2 No person marking,6 6-7 cases,2 Symmetrical,1 Case suffixes,1 Identity,"5 First/one-th, two-th, three-th",4 Marked by suffix,2 Optional,1 Formally different,2 Possessive suffixes,2 Absent,1 No possessive classification,6 Highly differentiated,2 Without marking,2 Possessive-Accusative,1 'And' different from 'with',1 Identity,1 Grammatical marking,"1 Present, no remoteness distinctions",1 Inflectional future exists,4 No perfect,2 Tense-aspect suffixes,1 Second singular and second plural,1 Normal imperative + normal negative,1 Maximal system,2 Inflectional optative absent,1 Affixes on verbs,2 Affixes on verbs,1 Overlap for both possibility and necessity,3 Direct and indirect,3 Part of the tense system,1 Tense,1 None,1 SOV,1 SV,1 OV,3 XOV,1 Postpositions,1 Genitive-Noun,1 Adjective-Noun,1 Demonstrative-Noun,1 Numeral-Noun,2 Relative clause-Noun,1 Degree word-Adjective,2 Final,2 Not initial interrogative phrase,5 Mixed,1 OV and Postpositions,1 OV and RelN,1 OV and AdjN,2 Nominative - accusative (standard),2 Nominative - accusative (standard),2 Accusative,2 Subject affixes on verb,2 Only the A argument,4 Zero in all 3sg forms,1 A and P do not or do not both occur on the verb,1 Indirect-object construction,2 Distinct from reflexive,1 Present,3 No antipassive,8 No applicative construction,2 Purposive but no sequential,2 Morphological but no compound,1 Negative affix,3 Both,3 A/Cat,1 Predicate negation also present,1 Question particle,2 Genitive,2 Nonverbal encoding,2 Identical,1 Impossible,1 Locational,4 Gap,4 Gap,1 Subject is left implicit,3 Deranked,3 Deranked,2 Balanced/deranked,2 Balanced/deranked,2 Different,2 Different,1 Decimal,,,,,"2 M-T pronouns, paradigmatic",1 No N-M pronouns,1 Words derived from Sinitic cha,,,,1 Logical meanings,2 [V-Neg],1 Relative clause-Noun (RelN) dominant,,,4 No NegSOV,,,2 Suffix&NoDoubleNeg,,20 MorphNeg,,,,,8 No SONegV,,,,,,,,,,,,4 None,,,4 [V-Neg],,,4 No SNegOV,6 SO[V-Neg],,,,4 None,,,1 No m in second person singular,2 m in first person singular,5 No applicative construction,,2 Non-zero marking,1 monoexponential TAM,4 no antipassive,,1 None reported,5 None (= no suppletive imperatives reported in the reference material),
ukr,ukr,ukra1253,Ukrainian,49,33,Slavic,Indo-European,Eurasia,UA,,,,,,,,,,,,,,,,,,,,,,,,,,2 Strongly suffixing,,,,3 Three,2 Sex-based,3 Semantic and formal,2 Plural suffix,,,,5 No definite or indefinite article,5 No definite or indefinite article,,,,,,,,1 Interrogative-based,,,,,1 Case suffixes,,"7 First, second, three-th",5 Marked by preceding word,,,4 No possessive affixes,,,,,,,,,,,,2 Tense-aspect suffixes,1 Second singular and second plural,1 Normal imperative + normal negative,4 Neither type of system,,,,,,,3 Tense and aspect,1 None,2 SVO,1 SV,2 VO,,2 Prepositions,,1 Adjective-Noun,1 Demonstrative-Noun,1 Numeral-Noun,1 Noun-Relative clause,,1 Initial,,1 Initial subordinator word,4 VO and Prepositions,4 VO and NRel,3 VO and AdjN,,,,1 Obligatory pronouns in subject position,,,,,,,3 No antipassive,8 No applicative construction,,,2 Negative particle,1 Symmetric,7 Non-assignable,,1 Question particle,,,,,,,,,,,,,1 Identical,2 Different,,,,,,,,1 Words derived from Sinitic cha,,,,,4 None,,,1 Noun-Relative clause (NRel) dominant,,7 No SVNegO,,,,2 SNegVO,,,,1 Word&NoDoubleNeg,,,,,,4 No SVONeg,3 Immed preverbal,,,,2 SNegVO,,1 NegV,,,1 NegV,,,,,4 No NegSVO,,,4 None,,,,,5 No applicative construction,,,,4 no antipassive,,,5 None (= no suppletive imperatives reported in the reference material),
urd,urd,urdu1245,Urdu,25,67,Indic,Indo-European,Eurasia,PK,,,,,,,,,,,,,,,,,,,,,,,,,,2 Strongly suffixing,,,,,,,2 Plural suffix,,,,5 No definite or indefinite article,5 No definite or indefinite article,,,2 Two-way contrast,1 Identical,,,3 Multiple politeness distinctions,,,,2 2 cases,3 Additive-quantitatively asymmetrical,9 No case affixes or adpositional clitics,2 Differentiation,,,,,,,,,,,,,,,,,2 Tense-aspect suffixes,,,,2 Inflectional optative absent,,,,,,,,1 SOV,1 SV,1 OV,,1 Postpositions,1 Genitive-Noun,1 Adjective-Noun,1 Demonstrative-Noun,1 Numeral-Noun,4 Correlative,1 Degree word-Adjective,1 Initial,2 Not initial interrogative phrase,1 Initial subordinator word,1 OV and Postpositions,5 Other,1 OV and AdjN,,,,,,,,,,,,,,,,,,,1 Question particle,,,,,,,,,,,,,,,,,,,,,,,,,,,4 None,,,,4 No NegSOV,,,11 NoSOVNeg,,7 SONegV,,1 Correlative relative clause dominant,,,1 Word&NoDoubleNeg,,,,,,3 Immed preverbal,,,,,,1 NegV,,,1 NegV,,,4 No SNegOV,3 SONegV,,,,4 None,,,,,,,,,,,,,
